/*
1. Write a SQL statement to create a simple table countries including columns country_id,country_name and region_id.
2. Write a SQL statement to create a simple table countries including columns country_id,country_name and region_id which already exist.
3. Write a SQL statement to create the structure of a table dup_countries similar to countries.
4. Write a SQL statement to create a duplicate copy of countries table including structure and data by name dup_countries.
5. Write a SQL statement to create a table countries set a constraint NULL.

Queries:*/
postgres=# create table countries(country_id varchar(2), country_name varchar(20), region_id decimal(10,0));
CREATE TABLE
postgres=# create table if not exists countries(country_id varchar(2), country_name varchar(20), region_id decimal(10,0));
NOTICE:  relation "countries" already exists, skipping
CREATE TABLE
postgres=# create table if not exixts dup_countries as select * from countries;
ERROR:  syntax error at or near "exixts"
LINE 1: create table if not exixts dup_countries as select * from co...
                            ^
postgres=# create table if not exists dup_countries as select * from countries;
SELECT 0
postgres=# create table if not exists countries(country_id varchar(2) NOT NULL, country_name varchar(40) NOT NULL, region_id decimal(10,0) NOT NULL);
NOTICE:  relation "countries" already exists, skipping
CREATE TABLE

/*insert

1. Write a SQL statement to insert a record with your own value into the table countries against each column.

Here in the following is the structure of the table countries.

    Column    |         Type          | Modifiers
--------------+-----------------------+-----------
 country_id   | character varying(2)  |
 country_name | character varying(40) |
 region_id    | numeric(10,0)         |
 


2. Write a SQL statement to insert one row into the table countries against the column country_id and country_name.

Here in the following is the structure of the table countries.

    Column    |         Type          | Modifiers
--------------+-----------------------+-----------
 country_id   | character varying(2)  |
 country_name | character varying(40) |
 region_id    | numeric(10,0)         |
Click me to see the solution

3. Write a SQL statement to create duplicates of countries table named country_new with all structure and data.

Here in the following is the structure of the table countries.

    Column    |         Type          | Modifiers
--------------+-----------------------+-----------
 country_id   | character varying(2)  |
 country_name | character varying(40) |
 region_id    | numeric(10,0)         |
Click me to see the solution

4. Write a SQL statement to insert NULL values into region_id column for a row of countries table.

Click me to see the solution

5. Write a SQL statement to insert 3 rows by a single insert statement.

 Queries*/

postgres=# INSERT INTO countries VALUES('A','India',2930);
INSERT 0 1
postgres=# INSERT INTO countries (country_id,country_name) VALUES('B','Pakistan');
INSERT 0 1
postgres=# create table country_new as select * from countries;
SELECT 2
postgres=# INSERT INTO countries (country_id,country_name,region_id)
postgres-# VALUES('C3','UK',NULL);
INSERT 0 1
postgres=# INSERT INTO countries (country_id,country_name,region_id)  values ('C', 'Bangla',NULL);
INSERT 0 1
postgres=# INSERT INTO countries VALUES('C4','India',1001),
postgres-# ('C5','USA',1007),('C6','UK',1003);
INSERT 0 3
postgres=# select * from countries;
 country_id | country_name | region_id
------------+--------------+-----------
 A          | India        |      2930
 B          | Pakistan     |
 C3         | UK           |
 C          | Bangla       |
 C4         | India        |      1001
 C5         | USA          |      1007
 C6         | UK           |      1003
(7 rows)


/*for table refer to the bottom of the page*/
/*
select

1. Write a query to display the names (first_name, last_name) using an alias name â€œFirst Name", "Last Name".
2. Write a query to get a unique department ID from employee table.
3. Write a query to get the names (first_name, last_name), salary and 15% of salary as PF for all the employees.
4. Write a query to get the employee ID, names (first_name, last_name) and salary in ascending order according to their salary.
5.Write a query to get the number of employees working with the company.

1. Write a query to display the name, including first_name and last_name and salary for all employees whose salary is out of the range between $10,000 and $15,000.
2. Write a query to display the name, including first_name and last_name, and department ID who works in the department 30 or 100 and arrange the result in ascending order according to the department ID.
3. Write a query to display the name, including first_name and last_name, and salary who works in the department either 30 or 100 and salary is out of the range between $10,000 and $15,000.
4. Write a query to display the name, including first_name and last_name and hire date for all employees who were hired in 1987.
+-------------+-------------+-------------+----------+--------------------+------------+------------+----------+----------------+------------+---------------+
| EMPLOYEE_ID | FIRST_NAME  | LAST_NAME   | EMAIL    | PHONE_NUMBER       | HIRE_DATE  | JOB_ID     | SALARY   | COMMISSION_PCT | MANAGER_ID | DEPARTMENT_ID |
+-------------+-------------+-------------+----------+--------------------+------------+------------+----------+----------------+------------+---------------+
|         100 | Steven      | King        | SKING    | 515.123.4567       | 1987-06-17 | AD_PRES    | 24000.00 |           0.00 |          0 |   		  90 |
|         101 | Neena       | Kochhar     | NKOCHHAR | 515.123.4568       | 1987-06-18 | AD_VP      | 17000.00 |           0.00 |        100 |            90 |
|         102 | Lex         | De Haan     | LDEHAAN  | 515.123.4569       | 1987-06-19 | AD_VP      | 17000.00 |           0.00 |        100 |            90 |
|         103 | Alexander   | Hunold      | AHUNOLD  | 590.423.4567       | 1987-06-20 | IT_PROG    |  9000.00 |           0.00 |        102 |            60 |
|         104 | Bruce       | Ernst       | BERNST   | 590.423.4568       | 1987-06-21 | IT_PROG    |  6000.00 |           0.00 |        103 |            60 |
|         105 | David       | Austin      | DAUSTIN  | 590.423.4569       | 1987-06-22 | IT_PROG    |  4800.00 |           0.00 |        103 |            60 |
|         106 | Valli       | Pataballa   | VPATABAL | 590.423.4560       | 1987-06-23 | IT_PROG    |  4800.00 |           0.00 |        103 |            60 |

*/

Queries:

postgres=# select * from employees;
 employee_id | first_name  |  last_name  |  email   |    phone_number    | hire_date  |   job_id   |  salary  | commission_pct | manager_id | department_id
-------------+-------------+-------------+----------+--------------------+------------+------------+----------+----------------+------------+---------------
         100 | Steven      | King        | SKING    | 515.123.4567       | 2003-06-17 | AD_PRES    | 24000.00 |           0.00 |          0 |            90
         101 | Neena       | Kochhar     | NKOCHHAR | 515.123.4568       | 2005-09-21 | AD_VP      | 17000.00 |           0.00 |        100 |            90
         102 | Lex         | De Haan     | LDEHAAN  | 515.123.4569       | 2001-01-13 | AD_VP      | 17000.00 |           0.00 |        100 |            90
         103 | Alexander   | Hunold      | AHUNOLD  | 590.423.4567       | 2006-01-03 | IT_PROG    |  9000.00 |           0.00 |        102 |            60
         104 | Bruce       | Ernst       | BERNST   | 590.423.4568       | 2007-05-21 | IT_PROG    |  6000.00 |           0.00 |        103 |            60
         105 | David       | Austin      | DAUSTIN  | 590.423.4569       | 2005-06-25 | IT_PROG    |  4800.00 |           0.00 |        103 |            60
         106 | Valli       | Pataballa   | VPATABAL | 590.423.4560       | 2006-02-05 | IT_PROG    |  4800.00 |           0.00 |        103 |            60
         107 | Diana       | Lorentz     | DLORENTZ | 590.423.5567       | 2007-02-07 | IT_PROG    |  4200.00 |           0.00 |        103 |            60
         108 | Nancy       | Greenberg   | NGREENBE | 515.124.4569       | 2002-08-17 | FI_MGR     | 12000.00 |           0.00 |        101 |           100
         109 | Daniel      | Faviet      | DFAVIET  | 515.124.4169       | 2002-08-16 | FI_ACCOUNT |  9000.00 |           0.00 |        108 |           100
         110 | John        | Chen        | JCHEN    | 515.124.4269       | 2005-09-28 | FI_ACCOUNT |  8200.00 |           0.00 |        108 |           100
         111 | Ismael      | Sciarra     | ISCIARRA | 515.124.4369       | 2005-09-30 | FI_ACCOUNT |  7700.00 |           0.00 |        108 |           100
  0.00 |        108 |           100
(107 rows)


postgres=#
postgres=#
postgres=#
postgres=#
postgres=#
postgres=#
postgres=#
postgres=#
postgres=#
postgres=#
postgres=# select first_name "First Name", last_name "Last Name" from employees;
 First Name  |  Last Name
-------------+-------------
 Steven      | King
 Neena       | Kochhar
 Lex         | De Haan
 Alexander   | Hunold
 Bruce       | Ernst
 David       | Austin
 Valli       | Pataballa
 Diana       | Lorentz
 Nancy       | Greenberg
 Daniel      | Faviet
 John        | Chen
 Ismael      | Sciarra
 Jose Manuel | Urman
 Luis        | Popp
 Den         | Raphaely
 Alexander   | Khoo
 Shelli      | Baida
 Sigal       | Tobias
 Guy         | Himuro
 Karen       | Colmenares
 Matthew     | Weiss
 Adam        | Fripp
 Payam       | Kaufling
 Shanta      | Vollman
 Kevin       | Mourgos
 Julia       | Nayer
 Irene       | Mikkilineni
 James       | Landry
 Steven      | Markle
 Laura       | Bissot
 Mozhe       | Atkinson
 James       | Marlow
 TJ          | Olson
 Jason       | Mallin
 Michael     | Rogers
 Ki          | Gee
 Hazel       | Philtanker
 Renske      | Ladwig
 Stephen     | Stiles
 John        | Seo
 Joshua      | Patel
 Trenna      | Rajs
 Curtis      | Davies
 Randall     | Matos
 Peter       | Vargas
 John        | Russell
 Karen       | Partners
 Alberto     | Errazuriz
 Gerald      | Cambrault
 Eleni       | Zlotkey
 Peter       | Tucker
 David       | Bernstein
 Peter       | Hall
 Christopher | Olsen
 Nanette     | Cambrault
 Oliver      | Tuvault
 Janette     | King
 Patrick     | Sully
 Allan       | McEwen
 Lindsey     | Smith
 Louise      | Doran
 Sarath      | Sewall
 Clara       | Vishney
 Danielle    | Greene
 Mattea      | Marvins
 David       | Lee
 Sundar      | Ande
 Amit        | Banda
 Lisa        | Ozer
 Harrison    | Bloom
 Tayler      | Fox
 William     | Smith
 Elizabeth   | Bates
 Sundita     | Kumar
 Ellen       | Abel
 Alyssa      | Hutton
 Jonathon    | Taylor
 Jack        | Livingston
 Kimberely   | Grant
 Charles     | Johnson
 Winston     | Taylor
 Jean        | Fleaur
 Martha      | Sullivan
 Girard      | Geoni
 Nandita     | Sarchand
 Alexis      | Bull
 Julia       | Dellinger
 Anthony     | Cabrio
 Kelly       | Chung
 Jennifer    | Dilly
 Timothy     | Gates
 Randall     | Perkins
 Sarah       | Bell
 Britney     | Everett
 Samuel      | McCain
 Vance       | Jones
 Alana       | Walsh
 Kevin       | Feeney
 Donald      | OConnell
 Douglas     | Grant
 Jennifer    | Whalen
 Michael     | Hartstein
 Pat         | Fay
 Susan       | Mavris
 Hermann     | Baer
 Shelley     | Higgins
 William     | Gietz
(107 rows)


postgres=#
postgres=#
postgres=# select distinct department_id from employees;
 department_id
---------------
            80
            90
            60
            10
             0
            40
            20
            50
            30
           110
            70
           100
(12 rows)


postgres=# select first_name, last_name, salary, salary*.15 PF from employees;
 first_name  |  last_name  |  salary  |    pf
-------------+-------------+----------+-----------
 Steven      | King        | 24000.00 | 3600.0000
 Neena       | Kochhar     | 17000.00 | 2550.0000
 Lex         | De Haan     | 17000.00 | 2550.0000
 Alexander   | Hunold      |  9000.00 | 1350.0000
 Bruce       | Ernst       |  6000.00 |  900.0000
 David       | Austin      |  4800.00 |  720.0000
 Valli       | Pataballa   |  4800.00 |  720.0000
 Diana       | Lorentz     |  4200.00 |  630.0000
 Nancy       | Greenberg   | 12000.00 | 1800.0000
 Daniel      | Faviet      |  9000.00 | 1350.0000
 John        | Chen        |  8200.00 | 1230.0000
 Ismael      | Sciarra     |  7700.00 | 1155.0000
 Jose Manuel | Urman       |  7800.00 | 1170.0000
 Luis        | Popp        |  6900.00 | 1035.0000
 Den         | Raphaely    | 11000.00 | 1650.0000
 Alexander   | Khoo        |  3100.00 |  465.0000
 Shelli      | Baida       |  2900.00 |  435.0000
 Sigal       | Tobias      |  2800.00 |  420.0000
 Guy         | Himuro      |  2600.00 |  390.0000
 Karen       | Colmenares  |  2500.00 |  375.0000
 Matthew     | Weiss       |  8000.00 | 1200.0000
 Adam        | Fripp       |  8200.00 | 1230.0000
 Payam       | Kaufling    |  7900.00 | 1185.0000
 Shanta      | Vollman     |  6500.00 |  975.0000
 Kevin       | Mourgos     |  5800.00 |  870.0000
 Julia       | Nayer       |  3200.00 |  480.0000
 Irene       | Mikkilineni |  2700.00 |  405.0000
 James       | Landry      |  2400.00 |  360.0000
 Steven      | Markle      |  2200.00 |  330.0000
 Laura       | Bissot      |  3300.00 |  495.0000
 Mozhe       | Atkinson    |  2800.00 |  420.0000
 James       | Marlow      |  2500.00 |  375.0000
 TJ          | Olson       |  2100.00 |  315.0000
 Jason       | Mallin      |  3300.00 |  495.0000
 Michael     | Rogers      |  2900.00 |  435.0000
 Ki          | Gee         |  2400.00 |  360.0000
 Hazel       | Philtanker  |  2200.00 |  330.0000
 Renske      | Ladwig      |  3600.00 |  540.0000
 Stephen     | Stiles      |  3200.00 |  480.0000
 John        | Seo         |  2700.00 |  405.0000
 Joshua      | Patel       |  2500.00 |  375.0000
 Trenna      | Rajs        |  3500.00 |  525.0000
 Curtis      | Davies      |  3100.00 |  465.0000
 Randall     | Matos       |  2600.00 |  390.0000
 Peter       | Vargas      |  2500.00 |  375.0000
 John        | Russell     | 14000.00 | 2100.0000
 Karen       | Partners    | 13500.00 | 2025.0000
 Alberto     | Errazuriz   | 12000.00 | 1800.0000
 Gerald      | Cambrault   | 11000.00 | 1650.0000
 Eleni       | Zlotkey     | 10500.00 | 1575.0000
 Peter       | Tucker      | 10000.00 | 1500.0000
 David       | Bernstein   |  9500.00 | 1425.0000
 Peter       | Hall        |  9000.00 | 1350.0000
 Christopher | Olsen       |  8000.00 | 1200.0000
 Nanette     | Cambrault   |  7500.00 | 1125.0000
 Oliver      | Tuvault     |  7000.00 | 1050.0000
 Janette     | King        | 10000.00 | 1500.0000
 Patrick     | Sully       |  9500.00 | 1425.0000
 Allan       | McEwen      |  9000.00 | 1350.0000
 Lindsey     | Smith       |  8000.00 | 1200.0000
 Louise      | Doran       |  7500.00 | 1125.0000
 Sarath      | Sewall      |  7000.00 | 1050.0000
 Clara       | Vishney     | 10500.00 | 1575.0000
 Danielle    | Greene      |  9500.00 | 1425.0000
 Mattea      | Marvins     |  7200.00 | 1080.0000
 David       | Lee         |  6800.00 | 1020.0000
 Sundar      | Ande        |  6400.00 |  960.0000
 Amit        | Banda       |  6200.00 |  930.0000
 Lisa        | Ozer        | 11500.00 | 1725.0000
 Harrison    | Bloom       | 10000.00 | 1500.0000
 Tayler      | Fox         |  9600.00 | 1440.0000
 William     | Smith       |  7400.00 | 1110.0000
 Elizabeth   | Bates       |  7300.00 | 1095.0000
 Sundita     | Kumar       |  6100.00 |  915.0000
 Ellen       | Abel        | 11000.00 | 1650.0000
 Alyssa      | Hutton      |  8800.00 | 1320.0000
 Jonathon    | Taylor      |  8600.00 | 1290.0000
 Jack        | Livingston  |  8400.00 | 1260.0000
 Kimberely   | Grant       |  7000.00 | 1050.0000
 Charles     | Johnson     |  6200.00 |  930.0000
 Winston     | Taylor      |  3200.00 |  480.0000
 Jean        | Fleaur      |  3100.00 |  465.0000
 Martha      | Sullivan    |  2500.00 |  375.0000
 Girard      | Geoni       |  2800.00 |  420.0000
 Nandita     | Sarchand    |  4200.00 |  630.0000
 Alexis      | Bull        |  4100.00 |  615.0000
 Julia       | Dellinger   |  3400.00 |  510.0000
 Anthony     | Cabrio      |  3000.00 |  450.0000
 Kelly       | Chung       |  3800.00 |  570.0000
 Jennifer    | Dilly       |  3600.00 |  540.0000
 Timothy     | Gates       |  2900.00 |  435.0000
 Randall     | Perkins     |  2500.00 |  375.0000
 Sarah       | Bell        |  4000.00 |  600.0000
 Britney     | Everett     |  3900.00 |  585.0000
 Samuel      | McCain      |  3200.00 |  480.0000
 Vance       | Jones       |  2800.00 |  420.0000
 Alana       | Walsh       |  3100.00 |  465.0000
 Kevin       | Feeney      |  3000.00 |  450.0000
 Donald      | OConnell    |  2600.00 |  390.0000
 Douglas     | Grant       |  2600.00 |  390.0000
 Jennifer    | Whalen      |  4400.00 |  660.0000
 Michael     | Hartstein   | 13000.00 | 1950.0000
 Pat         | Fay         |  6000.00 |  900.0000
 Susan       | Mavris      |  6500.00 |  975.0000
 Hermann     | Baer        | 10000.00 | 1500.0000
 Shelley     | Higgins     | 12000.00 | 1800.0000
 William     | Gietz       |  8300.00 | 1245.0000
(107 rows)


postgres=#
postgres=# select employee_id, first_name, last_name, salary from employees order by salary;
 employee_id | first_name  |  last_name  |  salary
-------------+-------------+-------------+----------
         132 | TJ          | Olson       |  2100.00
         128 | Steven      | Markle      |  2200.00
         136 | Hazel       | Philtanker  |  2200.00
         135 | Ki          | Gee         |  2400.00
         127 | James       | Landry      |  2400.00
         140 | Joshua      | Patel       |  2500.00
         119 | Karen       | Colmenares  |  2500.00
         182 | Martha      | Sullivan    |  2500.00
         144 | Peter       | Vargas      |  2500.00
         131 | James       | Marlow      |  2500.00
         191 | Randall     | Perkins     |  2500.00
         143 | Randall     | Matos       |  2600.00
         199 | Douglas     | Grant       |  2600.00
         118 | Guy         | Himuro      |  2600.00
         198 | Donald      | OConnell    |  2600.00
         126 | Irene       | Mikkilineni |  2700.00
         139 | John        | Seo         |  2700.00
         183 | Girard      | Geoni       |  2800.00
         195 | Vance       | Jones       |  2800.00
         117 | Sigal       | Tobias      |  2800.00
         130 | Mozhe       | Atkinson    |  2800.00
         190 | Timothy     | Gates       |  2900.00
         134 | Michael     | Rogers      |  2900.00
         116 | Shelli      | Baida       |  2900.00
         197 | Kevin       | Feeney      |  3000.00
         187 | Anthony     | Cabrio      |  3000.00
         181 | Jean        | Fleaur      |  3100.00
         115 | Alexander   | Khoo        |  3100.00
         196 | Alana       | Walsh       |  3100.00
         142 | Curtis      | Davies      |  3100.00
         125 | Julia       | Nayer       |  3200.00
         138 | Stephen     | Stiles      |  3200.00
         180 | Winston     | Taylor      |  3200.00
         194 | Samuel      | McCain      |  3200.00
         133 | Jason       | Mallin      |  3300.00
         129 | Laura       | Bissot      |  3300.00
         186 | Julia       | Dellinger   |  3400.00
         141 | Trenna      | Rajs        |  3500.00
         189 | Jennifer    | Dilly       |  3600.00
         137 | Renske      | Ladwig      |  3600.00
         188 | Kelly       | Chung       |  3800.00
         193 | Britney     | Everett     |  3900.00
         192 | Sarah       | Bell        |  4000.00
         185 | Alexis      | Bull        |  4100.00
         184 | Nandita     | Sarchand    |  4200.00
         107 | Diana       | Lorentz     |  4200.00
         200 | Jennifer    | Whalen      |  4400.00
         106 | Valli       | Pataballa   |  4800.00
         105 | David       | Austin      |  4800.00
         124 | Kevin       | Mourgos     |  5800.00
         104 | Bruce       | Ernst       |  6000.00
         202 | Pat         | Fay         |  6000.00
         173 | Sundita     | Kumar       |  6100.00
         179 | Charles     | Johnson     |  6200.00
         167 | Amit        | Banda       |  6200.00
         166 | Sundar      | Ande        |  6400.00
         123 | Shanta      | Vollman     |  6500.00
         203 | Susan       | Mavris      |  6500.00
         165 | David       | Lee         |  6800.00
         113 | Luis        | Popp        |  6900.00
         155 | Oliver      | Tuvault     |  7000.00
         178 | Kimberely   | Grant       |  7000.00
         161 | Sarath      | Sewall      |  7000.00
         164 | Mattea      | Marvins     |  7200.00
         172 | Elizabeth   | Bates       |  7300.00
         171 | William     | Smith       |  7400.00
         154 | Nanette     | Cambrault   |  7500.00
         160 | Louise      | Doran       |  7500.00
         111 | Ismael      | Sciarra     |  7700.00
         112 | Jose Manuel | Urman       |  7800.00
         122 | Payam       | Kaufling    |  7900.00
         153 | Christopher | Olsen       |  8000.00
         120 | Matthew     | Weiss       |  8000.00
         159 | Lindsey     | Smith       |  8000.00
         110 | John        | Chen        |  8200.00
         121 | Adam        | Fripp       |  8200.00
         206 | William     | Gietz       |  8300.00
         177 | Jack        | Livingston  |  8400.00
         176 | Jonathon    | Taylor      |  8600.00
         175 | Alyssa      | Hutton      |  8800.00
         109 | Daniel      | Faviet      |  9000.00
         152 | Peter       | Hall        |  9000.00
         103 | Alexander   | Hunold      |  9000.00
         158 | Allan       | McEwen      |  9000.00
         151 | David       | Bernstein   |  9500.00
         157 | Patrick     | Sully       |  9500.00
         163 | Danielle    | Greene      |  9500.00
         170 | Tayler      | Fox         |  9600.00
         156 | Janette     | King        | 10000.00
         150 | Peter       | Tucker      | 10000.00
         169 | Harrison    | Bloom       | 10000.00
         204 | Hermann     | Baer        | 10000.00
         162 | Clara       | Vishney     | 10500.00
         149 | Eleni       | Zlotkey     | 10500.00
         148 | Gerald      | Cambrault   | 11000.00
         114 | Den         | Raphaely    | 11000.00
         174 | Ellen       | Abel        | 11000.00
         168 | Lisa        | Ozer        | 11500.00
         205 | Shelley     | Higgins     | 12000.00
         147 | Alberto     | Errazuriz   | 12000.00
         108 | Nancy       | Greenberg   | 12000.00
         201 | Michael     | Hartstein   | 13000.00
         146 | Karen       | Partners    | 13500.00
         145 | John        | Russell     | 14000.00
         101 | Neena       | Kochhar     | 17000.00
         102 | Lex         | De Haan     | 17000.00
         100 | Steven      | King        | 24000.00
(107 rows)


postgres=#
postgres=#
postgres=#
postgres=#
postgres=#
postgres=# select count(*) from employees;
 count
-------
   107
(1 row)


postgres=# select first_name, last_name, salary from employees where salary not between 10000 and 15000;
 first_name  |  last_name  |  salary
-------------+-------------+----------
 Steven      | King        | 24000.00
 Neena       | Kochhar     | 17000.00
 Lex         | De Haan     | 17000.00
 Alexander   | Hunold      |  9000.00
 Bruce       | Ernst       |  6000.00
 David       | Austin      |  4800.00
 Valli       | Pataballa   |  4800.00
 Diana       | Lorentz     |  4200.00
 Daniel      | Faviet      |  9000.00
 John        | Chen        |  8200.00
 Ismael      | Sciarra     |  7700.00
 Jose Manuel | Urman       |  7800.00
 Luis        | Popp        |  6900.00
 Alexander   | Khoo        |  3100.00
 Shelli      | Baida       |  2900.00
 Sigal       | Tobias      |  2800.00
 Guy         | Himuro      |  2600.00
 Karen       | Colmenares  |  2500.00
 Matthew     | Weiss       |  8000.00
 Adam        | Fripp       |  8200.00
 Payam       | Kaufling    |  7900.00
 Shanta      | Vollman     |  6500.00
 Kevin       | Mourgos     |  5800.00
 Julia       | Nayer       |  3200.00
 Irene       | Mikkilineni |  2700.00
 James       | Landry      |  2400.00
 Steven      | Markle      |  2200.00
 Laura       | Bissot      |  3300.00
 Mozhe       | Atkinson    |  2800.00
 James       | Marlow      |  2500.00
 TJ          | Olson       |  2100.00
 Jason       | Mallin      |  3300.00
 Michael     | Rogers      |  2900.00
 Ki          | Gee         |  2400.00
 Hazel       | Philtanker  |  2200.00
 Renske      | Ladwig      |  3600.00
 Stephen     | Stiles      |  3200.00
 John        | Seo         |  2700.00
 Joshua      | Patel       |  2500.00
 Trenna      | Rajs        |  3500.00
 Curtis      | Davies      |  3100.00
 Randall     | Matos       |  2600.00
 Peter       | Vargas      |  2500.00
 David       | Bernstein   |  9500.00
 Peter       | Hall        |  9000.00
 Christopher | Olsen       |  8000.00
 Nanette     | Cambrault   |  7500.00
 Oliver      | Tuvault     |  7000.00
 Patrick     | Sully       |  9500.00
 Allan       | McEwen      |  9000.00
 Lindsey     | Smith       |  8000.00
 Louise      | Doran       |  7500.00
 Sarath      | Sewall      |  7000.00
 Danielle    | Greene      |  9500.00
 Mattea      | Marvins     |  7200.00
 David       | Lee         |  6800.00
 Sundar      | Ande        |  6400.00
 Amit        | Banda       |  6200.00
 Tayler      | Fox         |  9600.00
 William     | Smith       |  7400.00
 Elizabeth   | Bates       |  7300.00
 Sundita     | Kumar       |  6100.00
 Alyssa      | Hutton      |  8800.00
 Jonathon    | Taylor      |  8600.00
 Jack        | Livingston  |  8400.00
 Kimberely   | Grant       |  7000.00
 Charles     | Johnson     |  6200.00
 Winston     | Taylor      |  3200.00
 Jean        | Fleaur      |  3100.00
 Martha      | Sullivan    |  2500.00
 Girard      | Geoni       |  2800.00
 Nandita     | Sarchand    |  4200.00
 Alexis      | Bull        |  4100.00
 Julia       | Dellinger   |  3400.00
 Anthony     | Cabrio      |  3000.00
 Kelly       | Chung       |  3800.00
 Jennifer    | Dilly       |  3600.00
 Timothy     | Gates       |  2900.00
 Randall     | Perkins     |  2500.00
 Sarah       | Bell        |  4000.00
 Britney     | Everett     |  3900.00
 Samuel      | McCain      |  3200.00
 Vance       | Jones       |  2800.00
 Alana       | Walsh       |  3100.00
 Kevin       | Feeney      |  3000.00
 Donald      | OConnell    |  2600.00
 Douglas     | Grant       |  2600.00
 Jennifer    | Whalen      |  4400.00
 Pat         | Fay         |  6000.00
 Susan       | Mavris      |  6500.00
 William     | Gietz       |  8300.00
(91 rows)


postgres=#
postgres=# select first_name, last_name, department_id from employees where department_id in(30,100) order by department_id asc;
 first_name  | last_name  | department_id
-------------+------------+---------------
 Karen       | Colmenares |            30
 Den         | Raphaely   |            30
 Alexander   | Khoo       |            30
 Shelli      | Baida      |            30
 Sigal       | Tobias     |            30
 Guy         | Himuro     |            30
 Nancy       | Greenberg  |           100
 Daniel      | Faviet     |           100
 John        | Chen       |           100
 Ismael      | Sciarra    |           100
 Jose Manuel | Urman      |           100
 Luis        | Popp       |           100
(12 rows)


postgres=# select first_name, last_name,salary, department_id from employees where salary not between 10000 and 15000 and department_id in (30,100);
 first_name  | last_name  | salary  | department_id
-------------+------------+---------+---------------
 Daniel      | Faviet     | 9000.00 |           100
 John        | Chen       | 8200.00 |           100
 Ismael      | Sciarra    | 7700.00 |           100
 Jose Manuel | Urman      | 7800.00 |           100
 Luis        | Popp       | 6900.00 |           100
 Alexander   | Khoo       | 3100.00 |            30
 Shelli      | Baida      | 2900.00 |            30
 Sigal       | Tobias     | 2800.00 |            30
 Guy         | Himuro     | 2600.00 |            30
 Karen       | Colmenares | 2500.00 |            30
(10 rows)












CREATE TABLE employees (EMPLOYEE_ID numeric(6) NOT NULL primary key,FIRST_NAME varchar(20) DEFAULT NULL,LAST_NAME varchar(25) NOT NULL,EMAIL varchar(25) NOT NULL,PHONE_NUMBER varchar(20) DEFAULT NULL,HIRE_DATE date NOT NULL,JOB_ID varchar(10) NOT NULL,SALARY decimal(8,2) DEFAULT NULL,COMMISSION_PCT decimal(2,2) DEFAULT NULL,MANAGER_ID numeric(6) DEFAULT NULL,DEPARTMENT_ID numeric(4) DEFAULT NULL);



INSERT INTO employees (employee_id,first_name,last_name,email,phone_number,hire_date,job_id,salary,commission_pct,manager_id,department_id) VALUES  (100,'Steven','King','SKING','515.123.4567','17-JUN-2003','AD_PRES',24000.00,0.00,0,90);
INSERT INTO employees (employee_id,first_name,last_name,email,phone_number,hire_date,job_id,salary,commission_pct,manager_id,department_id) VALUES  (101,'Neena','Kochhar','NKOCHHAR','515.123.4568','21-SEP-2005','AD_VP',17000.00,0.00,100,90);
INSERT INTO employees (employee_id,first_name,last_name,email,phone_number,hire_date,job_id,salary,commission_pct,manager_id,department_id) VALUES  
(102,'Lex','De Haan','LDEHAAN','515.123.4569','13-JAN-2001','AD_VP',17000.00,0.00,100,90);
INSERT INTO employees (employee_id,first_name,last_name,email,phone_number,hire_date,job_id,salary,commission_pct,manager_id,department_id) VALUES  (103,'Alexander','Hunold','AHUNOLD','590.423.4567','03-JAN-2006','IT_PROG',9000.00,0.00,102,60);
INSERT INTO employees (employee_id,first_name,last_name,email,phone_number,hire_date,job_id,salary,commission_pct,manager_id,department_id) VALUES  (104,'Bruce','Ernst','BERNST','590.423.4568','21-MAY-2007','IT_PROG',6000.00,0.00,103,60);
INSERT INTO employees (employee_id,first_name,last_name,email,phone_number,hire_date,job_id,salary,commission_pct,manager_id,department_id) VALUES  (105,'David','Austin','DAUSTIN','590.423.4569','25-JUN-2005','IT_PROG',4800.00,0.00,103,60);
INSERT INTO employees (employee_id,first_name,last_name,email,phone_number,hire_date,job_id,salary,commission_pct,manager_id,department_id) VALUES  (106,'Valli','Pataballa','VPATABAL','590.423.4560','05-FEB-2006','IT_PROG',4800.00,0.00,103,60);
INSERT INTO employees (employee_id,first_name,last_name,email,phone_number,hire_date,job_id,salary,commission_pct,manager_id,department_id) VALUES  (107,'Diana','Lorentz','DLORENTZ','590.423.5567','07-FEB-2007','IT_PROG',4200.00,0.00,103,60);
INSERT INTO employees (employee_id,first_name,last_name,email,phone_number,hire_date,job_id,salary,commission_pct,manager_id,department_id) VALUES  (108,'Nancy','Greenberg','NGREENBE','515.124.4569','17-AUG-2002','FI_MGR',12000.00,0.00,101,100);
INSERT INTO employees (employee_id,first_name,last_name,email,phone_number,hire_date,job_id,salary,commission_pct,manager_id,department_id) VALUES  (109,'Daniel','Faviet','DFAVIET','515.124.4169','16-AUG-2002','FI_ACCOUNT',9000.00,0.00,108,100);
INSERT INTO employees (employee_id,first_name,last_name,email,phone_number,hire_date,job_id,salary,commission_pct,manager_id,department_id) VALUES  (110,'John','Chen','JCHEN','515.124.4269','28-SEP-2005','FI_ACCOUNT',8200.00,0.00,108,100);
INSERT INTO employees (employee_id,first_name,last_name,email,phone_number,hire_date,job_id,salary,commission_pct,manager_id,department_id) VALUES  (111,'Ismael','Sciarra','ISCIARRA','515.124.4369','30-SEP-2005','FI_ACCOUNT',7700.00,0.00,108,100);
INSERT INTO employees (employee_id,first_name,last_name,email,phone_number,hire_date,job_id,salary,commission_pct,manager_id,department_id) VALUES  
(112,'Jose Manuel','Urman','JMURMAN','515.124.4469','07-MAR-2006','FI_ACCOUNT',7800.00,0.00,108,100);
INSERT INTO employees (employee_id,first_name,last_name,email,phone_number,hire_date,job_id,salary,commission_pct,manager_id,department_id) VALUES  (113,'Luis','Popp','LPOPP','515.124.4567','07-DEC-2007','FI_ACCOUNT',6900.00,0.00,108,100);
INSERT INTO employees (employee_id,first_name,last_name,email,phone_number,hire_date,job_id,salary,commission_pct,manager_id,department_id) VALUES  (114,'Den','Raphaely','DRAPHEAL','515.127.4561','07-DEC-2002','PU_MAN',11000.00,0.00,100,30);
INSERT INTO employees (employee_id,first_name,last_name,email,phone_number,hire_date,job_id,salary,commission_pct,manager_id,department_id) VALUES  (115,'Alexander','Khoo','AKHOO','515.127.4562','18-MAY-2003','PU_CLERK',3100.00,0.00,114,30);
INSERT INTO employees (employee_id,first_name,last_name,email,phone_number,hire_date,job_id,salary,commission_pct,manager_id,department_id) VALUES  (116,'Shelli','Baida','SBAIDA','515.127.4563','24-DEC-2005','PU_CLERK',2900.00,0.00,114,30);
INSERT INTO employees (employee_id,first_name,last_name,email,phone_number,hire_date,job_id,salary,commission_pct,manager_id,department_id) VALUES  (117,'Sigal','Tobias','STOBIAS','515.127.4564','24-JUL-2005','PU_CLERK',2800.00,0.00,114,30);
INSERT INTO employees (employee_id,first_name,last_name,email,phone_number,hire_date,job_id,salary,commission_pct,manager_id,department_id) VALUES  (118,'Guy','Himuro','GHIMURO','515.127.4565','15-NOV-2006','PU_CLERK',2600.00,0.00,114,30);
INSERT INTO employees (employee_id,first_name,last_name,email,phone_number,hire_date,job_id,salary,commission_pct,manager_id,department_id) VALUES  (119,'Karen','Colmenares','KCOLMENA','515.127.4566','10-AUG-2007','PU_CLERK',2500.00,0.00,114,30);
INSERT INTO employees (employee_id,first_name,last_name,email,phone_number,hire_date,job_id,salary,commission_pct,manager_id,department_id) VALUES  (120,'Matthew','Weiss','MWEISS','650.123.1234','18-JUL-2004','ST_MAN',8000.00,0.00,100,50);
INSERT INTO employees (employee_id,first_name,last_name,email,phone_number,hire_date,job_id,salary,commission_pct,manager_id,department_id) VALUES  (121,'Adam','Fripp','AFRIPP','650.123.2234','10-APR-2005','ST_MAN',8200.00,0.00,100,50);
INSERT INTO employees (employee_id,first_name,last_name,email,phone_number,hire_date,job_id,salary,commission_pct,manager_id,department_id) VALUES  (122,'Payam','Kaufling','PKAUFLIN','650.123.3234','01-MAY-2003','ST_MAN',7900.00,0.00,100,50);
INSERT INTO employees (employee_id,first_name,last_name,email,phone_number,hire_date,job_id,salary,commission_pct,manager_id,department_id) VALUES  (123,'Shanta','Vollman','SVOLLMAN','650.123.4234','10-OCT-2005','ST_MAN',6500.00,0.00,100,50);
INSERT INTO employees (employee_id,first_name,last_name,email,phone_number,hire_date,job_id,salary,commission_pct,manager_id,department_id) VALUES  (124,'Kevin','Mourgos','KMOURGOS','650.123.5234','16-NOV-2007','ST_MAN',5800.00,0.00,100,50);
INSERT INTO employees (employee_id,first_name,last_name,email,phone_number,hire_date,job_id,salary,commission_pct,manager_id,department_id) VALUES  (125,'Julia','Nayer','JNAYER','650.124.1214','16-JUL-2005','ST_CLERK',3200.00,0.00,120,50);
INSERT INTO employees (employee_id,first_name,last_name,email,phone_number,hire_date,job_id,salary,commission_pct,manager_id,department_id) VALUES  (126,'Irene','Mikkilineni','IMIKKILI','650.124.1224','28-SEP-2006','ST_CLERK',2700.00,0.00,120,50);
INSERT INTO employees (employee_id,first_name,last_name,email,phone_number,hire_date,job_id,salary,commission_pct,manager_id,department_id) VALUES  (127,'James','Landry','JLANDRY','650.124.1334','14-JAN-2007','ST_CLERK',2400.00,0.00,120,50);
INSERT INTO employees (employee_id,first_name,last_name,email,phone_number,hire_date,job_id,salary,commission_pct,manager_id,department_id) VALUES  (128,'Steven','Markle','SMARKLE','650.124.1434','08-MAR-2008','ST_CLERK',2200.00,0.00,120,50);
INSERT INTO employees (employee_id,first_name,last_name,email,phone_number,hire_date,job_id,salary,commission_pct,manager_id,department_id) VALUES  (129,'Laura','Bissot','LBISSOT','650.124.5234','20-AUG-2005','ST_CLERK',3300.00,0.00,121,50);
INSERT INTO employees (employee_id,first_name,last_name,email,phone_number,hire_date,job_id,salary,commission_pct,manager_id,department_id) VALUES  (130,'Mozhe','Atkinson','MATKINSO','650.124.6234','30-OCT-2005','ST_CLERK',2800.00,0.00,121,50);
INSERT INTO employees (employee_id,first_name,last_name,email,phone_number,hire_date,job_id,salary,commission_pct,manager_id,department_id) VALUES  (131,'James','Marlow','JAMRLOW','650.124.7234','16-FEB-2005','ST_CLERK',2500.00,0.00,121,50);
INSERT INTO employees (employee_id,first_name,last_name,email,phone_number,hire_date,job_id,salary,commission_pct,manager_id,department_id) VALUES  (132,'TJ','Olson','TJOLSON','650.124.8234','10-APR-2007','ST_CLERK',2100.00,0.00,121,50);
INSERT INTO employees (employee_id,first_name,last_name,email,phone_number,hire_date,job_id,salary,commission_pct,manager_id,department_id) VALUES  (133,'Jason','Mallin','JMALLIN','650.127.1934','14-JUN-2004','ST_CLERK',3300.00,0.00,122,50);
INSERT INTO employees (employee_id,first_name,last_name,email,phone_number,hire_date,job_id,salary,commission_pct,manager_id,department_id) VALUES  (134,'Michael','Rogers','MROGERS','650.127.1834','26-AUG-2006','ST_CLERK',2900.00,0.00,122,50);
INSERT INTO employees (employee_id,first_name,last_name,email,phone_number,hire_date,job_id,salary,commission_pct,manager_id,department_id) VALUES  (135,'Ki','Gee','KGEE','650.127.1734','12-DEC-2007','ST_CLERK',2400.00,0.00,122,50);
INSERT INTO employees (employee_id,first_name,last_name,email,phone_number,hire_date,job_id,salary,commission_pct,manager_id,department_id) VALUES  (136,'Hazel','Philtanker','HPHILTAN','650.127.1634','06-FEB-2008','ST_CLERK',2200.00,0.00,122,50);
INSERT INTO employees (employee_id,first_name,last_name,email,phone_number,hire_date,job_id,salary,commission_pct,manager_id,department_id) VALUES  (137,'Renske','Ladwig','RLADWIG','650.121.1234','14-JUL-2003','ST_CLERK',3600.00,0.00,123,50);
INSERT INTO employees (employee_id,first_name,last_name,email,phone_number,hire_date,job_id,salary,commission_pct,manager_id,department_id) VALUES  (138,'Stephen','Stiles','SSTILES','650.121.2034','26-OCT-2005','ST_CLERK',3200.00,0.00,123,50);
INSERT INTO employees (employee_id,first_name,last_name,email,phone_number,hire_date,job_id,salary,commission_pct,manager_id,department_id) VALUES  (139,'John','Seo','JSEO','650.121.2019','12-FEB-2006','ST_CLERK',2700.00,0.00,123,50);
INSERT INTO employees (employee_id,first_name,last_name,email,phone_number,hire_date,job_id,salary,commission_pct,manager_id,department_id) VALUES  (140,'Joshua','Patel','JPATEL','650.121.1834','06-APR-2006','ST_CLERK',2500.00,0.00,123,50);
INSERT INTO employees (employee_id,first_name,last_name,email,phone_number,hire_date,job_id,salary,commission_pct,manager_id,department_id) VALUES  (141,'Trenna','Rajs','TRAJS','650.121.8009','17-OCT-2003','ST_CLERK',3500.00,0.00,124,50);
INSERT INTO employees (employee_id,first_name,last_name,email,phone_number,hire_date,job_id,salary,commission_pct,manager_id,department_id) VALUES  (142,'Curtis','Davies','CDAVIES','650.121.2994','29-JAN-2005','ST_CLERK',3100.00,0.00,124,50);
INSERT INTO employees (employee_id,first_name,last_name,email,phone_number,hire_date,job_id,salary,commission_pct,manager_id,department_id) VALUES  (143,'Randall','Matos','RMATOS','650.121.2874','15-MAR-2006','ST_CLERK',2600.00,0.00,124,50);
INSERT INTO employees (employee_id,first_name,last_name,email,phone_number,hire_date,job_id,salary,commission_pct,manager_id,department_id) VALUES  (144,'Peter','Vargas','PVARGAS','650.121.2004','09-JUL-2006','ST_CLERK',2500.00,0.00,124,50);
INSERT INTO employees (employee_id,first_name,last_name,email,phone_number,hire_date,job_id,salary,commission_pct,manager_id,department_id) VALUES  (145,'John','Russell','JRUSSEL','011.44.1344.429268','01-JAN-2004','SA_MAN',14000.00,0.40,100,80);
INSERT INTO employees (employee_id,first_name,last_name,email,phone_number,hire_date,job_id,salary,commission_pct,manager_id,department_id) VALUES  (146,'Karen','Partners','KPARTNER','011.44.1344.467268','05-JAN-2005','SA_MAN',13500.00,0.30,100,80);
INSERT INTO employees (employee_id,first_name,last_name,email,phone_number,hire_date,job_id,salary,commission_pct,manager_id,department_id) VALUES  (147,'Alberto','Errazuriz','AERRAZUR','011.44.1344.429278','10-MAR-2005','SA_MAN',12000.00,0.30,100,80);
INSERT INTO employees (employee_id,first_name,last_name,email,phone_number,hire_date,job_id,salary,commission_pct,manager_id,department_id) VALUES  (148,'Gerald','Cambrault','GCAMBRAU','011.44.1344.619268','15-OCT-2007','SA_MAN',11000.00,0.30,100,80);
INSERT INTO employees (employee_id,first_name,last_name,email,phone_number,hire_date,job_id,salary,commission_pct,manager_id,department_id) VALUES  (149,'Eleni','Zlotkey','EZLOTKEY','011.44.1344.429018','29-JAN-2008','SA_MAN',10500.00,0.20,100,80);
INSERT INTO employees (employee_id,first_name,last_name,email,phone_number,hire_date,job_id,salary,commission_pct,manager_id,department_id) VALUES  (150,'Peter','Tucker','PTUCKER','011.44.1344.129268','30-JAN-2005','SA_REP',10000.00,0.30,145,80);
INSERT INTO employees (employee_id,first_name,last_name,email,phone_number,hire_date,job_id,salary,commission_pct,manager_id,department_id) VALUES  (151,'David','Bernstein','DBERNSTE','011.44.1344.345268','24-MAR-2005','SA_REP',9500.00,0.25,145,80);
INSERT INTO employees (employee_id,first_name,last_name,email,phone_number,hire_date,job_id,salary,commission_pct,manager_id,department_id) VALUES  (152,'Peter','Hall','PHALL','011.44.1344.478968','20-AUG-2005','SA_REP',9000.00,0.25,145,80);
INSERT INTO employees (employee_id,first_name,last_name,email,phone_number,hire_date,job_id,salary,commission_pct,manager_id,department_id) VALUES  (153,'Christopher','Olsen','COLSEN','011.44.1344.498718','30-MAR-2006','SA_REP',8000.00,0.20,145,80);
INSERT INTO employees (employee_id,first_name,last_name,email,phone_number,hire_date,job_id,salary,commission_pct,manager_id,department_id) VALUES  (154,'Nanette','Cambrault','NCAMBRAU','011.44.1344.987668','09-DEC-2006','SA_REP',7500.00,0.20,145,80);
INSERT INTO employees (employee_id,first_name,last_name,email,phone_number,hire_date,job_id,salary,commission_pct,manager_id,department_id) VALUES  (155,'Oliver','Tuvault','OTUVAULT','011.44.1344.486508','23-NOV-2007','SA_REP',7000.00,0.15,145,80);
INSERT INTO employees (employee_id,first_name,last_name,email,phone_number,hire_date,job_id,salary,commission_pct,manager_id,department_id) VALUES  (156,'Janette','King','JKING','011.44.1345.429268','30-JAN-2004','SA_REP',10000.00,0.35,146,80);
INSERT INTO employees (employee_id,first_name,last_name,email,phone_number,hire_date,job_id,salary,commission_pct,manager_id,department_id) VALUES  (157,'Patrick','Sully','PSULLY','011.44.1345.929268','04-MAR-2004','SA_REP',9500.00,0.35,146,80);
INSERT INTO employees (employee_id,first_name,last_name,email,phone_number,hire_date,job_id,salary,commission_pct,manager_id,department_id) VALUES  (158,'Allan','McEwen','AMCEWEN','011.44.1345.829268','01-AUG-2004','SA_REP',9000.00,0.35,146,80);
INSERT INTO employees (employee_id,first_name,last_name,email,phone_number,hire_date,job_id,salary,commission_pct,manager_id,department_id) VALUES  (159,'Lindsey','Smith','LSMITH','011.44.1345.729268','10-MAR-2005','SA_REP',8000.00,0.30,146,80);
INSERT INTO employees (employee_id,first_name,last_name,email,phone_number,hire_date,job_id,salary,commission_pct,manager_id,department_id) VALUES  (160,'Louise','Doran','LDORAN','011.44.1345.629268','15-DEC-2005','SA_REP',7500.00,0.30,146,80);
INSERT INTO employees (employee_id,first_name,last_name,email,phone_number,hire_date,job_id,salary,commission_pct,manager_id,department_id) VALUES  (161,'Sarath','Sewall','SSEWALL','011.44.1345.529268','03-NOV-2006','SA_REP',7000.00,0.25,146,80);
INSERT INTO employees (employee_id,first_name,last_name,email,phone_number,hire_date,job_id,salary,commission_pct,manager_id,department_id) VALUES  (162,'Clara','Vishney','CVISHNEY','011.44.1346.129268','11-NOV-2005','SA_REP',10500.00,0.25,147,80);
INSERT INTO employees (employee_id,first_name,last_name,email,phone_number,hire_date,job_id,salary,commission_pct,manager_id,department_id) VALUES  (163,'Danielle','Greene','DGREENE','011.44.1346.229268','19-MAR-2007','SA_REP',9500.00,0.15,147,80);
INSERT INTO employees (employee_id,first_name,last_name,email,phone_number,hire_date,job_id,salary,commission_pct,manager_id,department_id) VALUES  (164,'Mattea','Marvins','MMARVINS','011.44.1346.329268','24-JAN-2008','SA_REP',7200.00,0.10,147,80);
INSERT INTO employees (employee_id,first_name,last_name,email,phone_number,hire_date,job_id,salary,commission_pct,manager_id,department_id) VALUES  (165,'David','Lee','DLEE','011.44.1346.529268','23-FEB-2008','SA_REP',6800.00,0.10,147,80);
INSERT INTO employees (employee_id,first_name,last_name,email,phone_number,hire_date,job_id,salary,commission_pct,manager_id,department_id) VALUES  (166,'Sundar','Ande','SANDE','011.44.1346.629268','24-MAR-2008','SA_REP',6400.00,0.10,147,80);
INSERT INTO employees (employee_id,first_name,last_name,email,phone_number,hire_date,job_id,salary,commission_pct,manager_id,department_id) VALUES  (167,'Amit','Banda','ABANDA','011.44.1346.729268','21-APR-2008','SA_REP',6200.00,0.10,147,80);
INSERT INTO employees (employee_id,first_name,last_name,email,phone_number,hire_date,job_id,salary,commission_pct,manager_id,department_id) VALUES  (168,'Lisa','Ozer','LOZER','011.44.1343.929268','11-MAR-2005','SA_REP',11500.00,0.25,148,80);
INSERT INTO employees (employee_id,first_name,last_name,email,phone_number,hire_date,job_id,salary,commission_pct,manager_id,department_id) VALUES  (169,'Harrison','Bloom','HBLOOM','011.44.1343.829268','23-MAR-2006','SA_REP',10000.00,0.20,148,80);
INSERT INTO employees (employee_id,first_name,last_name,email,phone_number,hire_date,job_id,salary,commission_pct,manager_id,department_id) VALUES  (170,'Tayler','Fox','TFOX','011.44.1343.729268','24-JAN-2006','SA_REP',9600.00,0.20,148,80);
INSERT INTO employees (employee_id,first_name,last_name,email,phone_number,hire_date,job_id,salary,commission_pct,manager_id,department_id) VALUES  (171,'William','Smith','WSMITH','011.44.1343.629268','23-FEB-2007','SA_REP',7400.00,0.15,148,80);
INSERT INTO employees (employee_id,first_name,last_name,email,phone_number,hire_date,job_id,salary,commission_pct,manager_id,department_id) VALUES  (172,'Elizabeth','Bates','EBATES','011.44.1343.529268','24-MAR-2007','SA_REP',7300.00,0.15,148,80);
INSERT INTO employees (employee_id,first_name,last_name,email,phone_number,hire_date,job_id,salary,commission_pct,manager_id,department_id) VALUES  (173,'Sundita','Kumar','SKUMAR','011.44.1343.329268','21-APR-2008','SA_REP',6100.00,0.10,148,80);
INSERT INTO employees (employee_id,first_name,last_name,email,phone_number,hire_date,job_id,salary,commission_pct,manager_id,department_id) VALUES  (174,'Ellen','Abel','EABEL','011.44.1644.429267','11-MAY-2004','SA_REP',11000.00,0.30,149,80);
INSERT INTO employees (employee_id,first_name,last_name,email,phone_number,hire_date,job_id,salary,commission_pct,manager_id,department_id) VALUES  (175,'Alyssa','Hutton','AHUTTON','011.44.1644.429266','19-MAR-2005','SA_REP',8800.00,0.25,149,80);
INSERT INTO employees (employee_id,first_name,last_name,email,phone_number,hire_date,job_id,salary,commission_pct,manager_id,department_id) VALUES  (176,'Jonathon','Taylor','JTAYLOR','011.44.1644.429265','24-MAR-2006','SA_REP',8600.00,0.20,149,80);
INSERT INTO employees (employee_id,first_name,last_name,email,phone_number,hire_date,job_id,salary,commission_pct,manager_id,department_id) VALUES  (177,'Jack','Livingston','JLIVINGS','011.44.1644.429264','23-APR-2006','SA_REP',8400.00,0.20,149,80);
INSERT INTO employees (employee_id,first_name,last_name,email,phone_number,hire_date,job_id,salary,commission_pct,manager_id,department_id) VALUES  (178,'Kimberely','Grant','KGRANT','011.44.1644.429263','24-MAY-2007','SA_REP',7000.00,0.15,149,0);
INSERT INTO employees (employee_id,first_name,last_name,email,phone_number,hire_date,job_id,salary,commission_pct,manager_id,department_id) VALUES  (179,'Charles','Johnson','CJOHNSON','011.44.1644.429262','04-JAN-2008','SA_REP',6200.00,0.10,149,80);
INSERT INTO employees (employee_id,first_name,last_name,email,phone_number,hire_date,job_id,salary,commission_pct,manager_id,department_id) VALUES  (180,'Winston','Taylor','WTAYLOR','650.507.9876','24-JAN-2006','SH_CLERK',3200.00,0.00,120,50);
INSERT INTO employees (employee_id,first_name,last_name,email,phone_number,hire_date,job_id,salary,commission_pct,manager_id,department_id) VALUES  (181,'Jean','Fleaur','JFLEAUR','650.507.9877','23-FEB-2006','SH_CLERK',3100.00,0.00,120,50);
INSERT INTO employees (employee_id,first_name,last_name,email,phone_number,hire_date,job_id,salary,commission_pct,manager_id,department_id) VALUES  (182,'Martha','Sullivan','MSULLIVA','650.507.9878','21-JUN-2007','SH_CLERK',2500.00,0.00,120,50);
INSERT INTO employees (employee_id,first_name,last_name,email,phone_number,hire_date,job_id,salary,commission_pct,manager_id,department_id) VALUES  (183,'Girard','Geoni','GGEONI','650.507.9879','03-FEB-2008','SH_CLERK',2800.00,0.00,120,50);
INSERT INTO employees (employee_id,first_name,last_name,email,phone_number,hire_date,job_id,salary,commission_pct,manager_id,department_id) VALUES  (184,'Nandita','Sarchand','NSARCHAN','650.509.1876','27-JAN-2004','SH_CLERK',4200.00,0.00,121,50);
INSERT INTO employees (employee_id,first_name,last_name,email,phone_number,hire_date,job_id,salary,commission_pct,manager_id,department_id) VALUES  (185,'Alexis','Bull','ABULL','650.509.2876','20-FEB-2005','SH_CLERK',4100.00,0.00,121,50);
INSERT INTO employees (employee_id,first_name,last_name,email,phone_number,hire_date,job_id,salary,commission_pct,manager_id,department_id) VALUES  (186,'Julia','Dellinger','JDELLING','650.509.3876','24-JUN-2006','SH_CLERK',3400.00,0.00,121,50);
INSERT INTO employees (employee_id,first_name,last_name,email,phone_number,hire_date,job_id,salary,commission_pct,manager_id,department_id) VALUES  (187,'Anthony','Cabrio','ACABRIO','650.509.4876','07-FEB-2007','SH_CLERK',3000.00,0.00,121,50);
INSERT INTO employees (employee_id,first_name,last_name,email,phone_number,hire_date,job_id,salary,commission_pct,manager_id,department_id) VALUES  (188,'Kelly','Chung','KCHUNG','650.505.1876','14-JUN-2005','SH_CLERK',3800.00,0.00,122,50);
INSERT INTO employees (employee_id,first_name,last_name,email,phone_number,hire_date,job_id,salary,commission_pct,manager_id,department_id) VALUES  (189,'Jennifer','Dilly','JDILLY','650.505.2876','13-AUG-2005','SH_CLERK',3600.00,0.00,122,50);
INSERT INTO employees (employee_id,first_name,last_name,email,phone_number,hire_date,job_id,salary,commission_pct,manager_id,department_id) VALUES  (190,'Timothy','Gates','TGATES','650.505.3876','11-JUL-2006','SH_CLERK',2900.00,0.00,122,50);
INSERT INTO employees (employee_id,first_name,last_name,email,phone_number,hire_date,job_id,salary,commission_pct,manager_id,department_id) VALUES  (191,'Randall','Perkins','RPERKINS','650.505.4876','19-DEC-2007','SH_CLERK',2500.00,0.00,122,50);
INSERT INTO employees (employee_id,first_name,last_name,email,phone_number,hire_date,job_id,salary,commission_pct,manager_id,department_id) VALUES  (192,'Sarah','Bell','SBELL','650.501.1876','04-FEB-2004','SH_CLERK',4000.00,0.00,123,50);
INSERT INTO employees (employee_id,first_name,last_name,email,phone_number,hire_date,job_id,salary,commission_pct,manager_id,department_id) VALUES  (193,'Britney','Everett','BEVERETT','650.501.2876','03-MAR-2005','SH_CLERK',3900.00,0.00,123,50);
INSERT INTO employees (employee_id,first_name,last_name,email,phone_number,hire_date,job_id,salary,commission_pct,manager_id,department_id) VALUES  (194,'Samuel','McCain','SMCCAIN','650.501.3876','01-JUL-2006','SH_CLERK',3200.00,0.00,123,50);
INSERT INTO employees (employee_id,first_name,last_name,email,phone_number,hire_date,job_id,salary,commission_pct,manager_id,department_id) VALUES  (195,'Vance','Jones','VJONES','650.501.4876','17-MAR-2007','SH_CLERK',2800.00,0.00,123,50);
INSERT INTO employees (employee_id,first_name,last_name,email,phone_number,hire_date,job_id,salary,commission_pct,manager_id,department_id) VALUES  (196,'Alana','Walsh','AWALSH','650.507.9811','24-APR-2006','SH_CLERK',3100.00,0.00,124,50);
INSERT INTO employees (employee_id,first_name,last_name,email,phone_number,hire_date,job_id,salary,commission_pct,manager_id,department_id) VALUES  (197,'Kevin','Feeney','KFEENEY','650.507.9822','23-MAY-2006','SH_CLERK',3000.00,0.00,124,50);
INSERT INTO employees (employee_id,first_name,last_name,email,phone_number,hire_date,job_id,salary,commission_pct,manager_id,department_id) VALUES  (198,'Donald','OConnell','DOCONNEL','650.507.9833','21-JUN-2007','SH_CLERK',2600.00,0.00,124,50);
INSERT INTO employees (employee_id,first_name,last_name,email,phone_number,hire_date,job_id,salary,commission_pct,manager_id,department_id) VALUES  (199,'Douglas','Grant','DGRANT','650.507.9844','13-JAN-2008','SH_CLERK',2600.00,0.00,124,50);
INSERT INTO employees (employee_id,first_name,last_name,email,phone_number,hire_date,job_id,salary,commission_pct,manager_id,department_id) VALUES  (200,'Jennifer','Whalen','JWHALEN','515.123.4444','17-SEP-2003','AD_ASST',4400.00,0.00,101,10);
INSERT INTO employees (employee_id,first_name,last_name,email,phone_number,hire_date,job_id,salary,commission_pct,manager_id,department_id) VALUES  (201,'Michael','Hartstein','MHARTSTE','515.123.5555','17-FEB-2004','MK_MAN',13000.00,0.00,100,20);
INSERT INTO employees (employee_id,first_name,last_name,email,phone_number,hire_date,job_id,salary,commission_pct,manager_id,department_id) VALUES  (202,'Pat','Fay','PFAY','603.123.6666','17-AUG-2005','MK_REP',6000.00,0.00,201,20);
INSERT INTO employees (employee_id,first_name,last_name,email,phone_number,hire_date,job_id,salary,commission_pct,manager_id,department_id) VALUES  (203,'Susan','Mavris','SMAVRIS','515.123.7777','07-JUN-2002','HR_REP',6500.00,0.00,101,40);
INSERT INTO employees (employee_id,first_name,last_name,email,phone_number,hire_date,job_id,salary,commission_pct,manager_id,department_id) VALUES  (204,'Hermann','Baer','HBAER','515.123.8888','07-JUN-2002','PR_REP',10000.00,0.00,101,70);
INSERT INTO employees (employee_id,first_name,last_name,email,phone_number,hire_date,job_id,salary,commission_pct,manager_id,department_id) VALUES  (205,'Shelley','Higgins','SHIGGINS','515.123.8080','07-JUN-2002','AC_MGR',12000.00,0.00,101,110);
INSERT INTO employees (employee_id,first_name,last_name,email,phone_number,hire_date,job_id,salary,commission_pct,manager_id,department_id) VALUES  (206,'William','Gietz','WGIETZ','515.123.8181','07-JUN-2002','AC_ACCOUNT',8300.00,0.00,205,110);
select first_name, last_name, job_id, 12*(salary+nvl(commission_pct,0)) as "Annual Salary" from employees;

